"German Word","Article (der/die/das)","Part of Speech","English Translation","German Example Sentence","English Example Sentence","Category"
"Guten Morgen","","phrase","Good morning","Guten Morgen! Wie geht es Ihnen?","Good morning! How are you?","Greetings & Phrases"
"Guten Tag","","phrase","Good day / Hello","Guten Tag, Herr Müller!","Good day, Mr Müller!","Greetings & Phrases"
"Guten Abend","","phrase","Good evening","Guten Abend! Willkommen!","Good evening! Welcome!","Greetings & Phrases"
"Gute Nacht","","phrase","Good night","Gute Nacht! Schlaf gut!","Good night! Sleep well!","Greetings & Phrases"
"Hallo","","phrase","Hello / Hi","Hallo! Wie heißt du?","Hello! What's your name?","Greetings & Phrases"
"Tschüss","","phrase","Bye / Goodbye","Tschüss! Bis morgen!","Bye! See you tomorrow!","Greetings & Phrases"
"Auf Wiedersehen","","phrase","Goodbye (formal)","Auf Wiedersehen, Frau Schmidt!","Goodbye, Mrs Schmidt!","Greetings & Phrases"
"Auf Wiederhören","","phrase","Goodbye (on phone)","Auf Wiederhören! Ich rufe morgen an.","Goodbye! I'll call tomorrow.","Greetings & Phrases"
"Bitte","","phrase","Please / You're welcome","Kommen Sie bitte herein.","Please come in.","Greetings & Phrases"
"Danke","","phrase","Thank you","Danke für Ihre Hilfe!","Thank you for your help!","Greetings & Phrases"
"Danke schön","","phrase","Thank you very much","Danke schön! Das ist sehr nett.","Thank you very much! That is very kind.","Greetings & Phrases"
"Bitte schön","","phrase","Here you are / You're welcome","Bitte schön! Das ist für Sie.","Here you are! This is for you.","Greetings & Phrases"
"Entschuldigung","","phrase","Excuse me / Sorry","Entschuldigung, wo ist der Bahnhof?","Excuse me, where is the train station?","Greetings & Phrases"
"Es tut mir leid","","phrase","I'm sorry","Es tut mir leid, ich habe keine Zeit.","I'm sorry, I don't have time.","Greetings & Phrases"
"Guten Appetit","","phrase","Enjoy your meal","Guten Appetit! Das Essen schmeckt gut.","Enjoy your meal! The food tastes good.","Greetings & Phrases"
"Herzlichen Glückwunsch","","phrase","Congratulations","Herzlichen Glückwunsch zum Geburtstag!","Happy birthday! / Congratulations on your birthday!","Greetings & Phrases"
"Wie geht es Ihnen?","","phrase","How are you? (formal)","Wie geht es Ihnen? – Danke, gut.","How are you? – Fine, thank you.","Greetings & Phrases"
"Wie geht es dir?","","phrase","How are you? (informal)","Wie geht es dir? – Gut, und dir?","How are you? – Fine, and you?","Greetings & Phrases"
"Ja","","adv","Yes","Ja, das stimmt.","Yes, that's right.","Greetings & Phrases"
"Nein","","adv","No","Nein, das ist falsch.","No, that is wrong.","Greetings & Phrases"
"Doch","","adv","Yes (contradicting a negative)","Doch, ich komme!","Yes I am coming! (contradicting)","Greetings & Phrases"
"Name","der","noun","name","Wie ist Ihr Name?","What is your name?","Personal Information"
"Vorname","der","noun","first name","Mein Vorname ist Anna.","My first name is Anna.","Personal Information"
"Nachname","der","noun","surname / last name","Mein Nachname ist Müller.","My last name is Müller.","Personal Information"
"Adresse","die","noun","address","Ich schreibe meine Adresse auf.","I'm writing down my address.","Personal Information"
"Straße","die","noun","street","Ich wohne in der Hauptstraße.","I live on Main Street.","Personal Information"
"Hausnummer","die","noun","house number","Die Hausnummer ist 12.","The house number is 12.","Personal Information"
"Postleitzahl","die","noun","postcode / zip code","Die Postleitzahl ist 10115.","The postcode is 10115.","Personal Information"
"Stadt","die","noun","city / town","Ich wohne in einer großen Stadt.","I live in a big city.","Personal Information"
"Land","das","noun","country","Aus welchem Land kommen Sie?","Which country are you from?","Personal Information"
"Nationalität","die","noun","nationality","Was ist Ihre Nationalität?","What is your nationality?","Personal Information"
"Staatsangehörigkeit","die","noun","citizenship / nationality","Meine Staatsangehörigkeit ist deutsch.","My citizenship is German.","Personal Information"
"Geburtsdatum","das","noun","date of birth","Mein Geburtsdatum ist der 5. März 1990.","My date of birth is 5 March 1990.","Personal Information"
"Geburtsort","der","noun","place of birth","Mein Geburtsort ist Wien.","My place of birth is Vienna.","Personal Information"
"Alter","das","noun","age","Wie alt bist du? Mein Alter ist 25.","How old are you? My age is 25.","Personal Information"
"Telefonnummer","die","noun","telephone number","Wie ist Ihre Telefonnummer?","What is your telephone number?","Personal Information"
"E-Mail-Adresse","die","noun","email address","Meine E-Mail-Adresse ist anna@beispiel.de.","My email address is anna@example.de.","Personal Information"
"Beruf","der","noun","job / profession","Was ist Ihr Beruf?","What is your profession?","Personal Information"
"Familienstand","der","noun","marital status","Mein Familienstand ist ledig.","My marital status is single.","Personal Information"
"Unterschrift","die","noun","signature","Bitte schreiben Sie Ihre Unterschrift hier.","Please write your signature here.","Personal Information"
"Formular","das","noun","form","Füllen Sie bitte das Formular aus.","Please fill in the form.","Personal Information"
"Pass","der","noun","passport","Ich brauche meinen Pass.","I need my passport.","Personal Information"
"Personalausweis","der","noun","ID card","Darf ich Ihren Personalausweis sehen?","May I see your ID card?","Personal Information"
"Familie","die","noun","family","Meine Familie wohnt in Berlin.","My family lives in Berlin.","Family"
"Mutter","die","noun","mother","Meine Mutter kocht sehr gut.","My mother cooks very well.","Family"
"Vater","der","noun","father","Mein Vater arbeitet viel.","My father works a lot.","Family"
"Eltern","die","noun (pl)","parents","Meine Eltern wohnen in München.","My parents live in Munich.","Family"
"Sohn","der","noun","son","Mein Sohn geht zur Schule.","My son goes to school.","Family"
"Tochter","die","noun","daughter","Meine Tochter ist drei Jahre alt.","My daughter is three years old.","Family"
"Kind","das","noun","child","Das Kind spielt im Garten.","The child is playing in the garden.","Family"
"Kinder","die","noun (pl)","children","Die Kinder spielen im Park.","The children are playing in the park.","Family"
"Bruder","der","noun","brother","Mein Bruder ist älter als ich.","My brother is older than me.","Family"
"Schwester","die","noun","sister","Meine Schwester wohnt in Hamburg.","My sister lives in Hamburg.","Family"
"Geschwister","die","noun (pl)","siblings","Ich habe zwei Geschwister.","I have two siblings.","Family"
"Großvater","der","noun","grandfather","Mein Großvater ist 80 Jahre alt.","My grandfather is 80 years old.","Family"
"Großmutter","die","noun","grandmother","Meine Großmutter kocht sehr gut.","My grandmother cooks very well.","Family"
"Großeltern","die","noun (pl)","grandparents","Meine Großeltern wohnen auf dem Land.","My grandparents live in the countryside.","Family"
"Enkel","der","noun","grandson","Der Enkel besucht seine Oma.","The grandson visits his grandmother.","Family"
"Enkelin","die","noun","granddaughter","Die Enkelin spielt mit der Oma.","The granddaughter plays with her grandmother.","Family"
"Onkel","der","noun","uncle","Mein Onkel wohnt in Österreich.","My uncle lives in Austria.","Family"
"Tante","die","noun","aunt","Meine Tante besucht uns morgen.","My aunt is visiting us tomorrow.","Family"
"Cousin","der","noun","male cousin","Mein Cousin spielt Fußball.","My cousin plays football.","Family"
"Cousine","die","noun","female cousin","Meine Cousine studiert Medizin.","My female cousin studies medicine.","Family"
"Mann","der","noun","husband / man","Mein Mann heißt Thomas.","My husband's name is Thomas.","Family"
"Frau","die","noun","wife / woman / Mrs","Meine Frau heißt Sabine.","My wife's name is Sabine.","Family"
"Ehemann","der","noun","husband (married)","Ihr Ehemann ist Arzt.","Her husband is a doctor.","Family"
"Ehefrau","die","noun","wife (married)","Seine Ehefrau arbeitet als Lehrerin.","His wife works as a teacher.","Family"
"Partner","der","noun","partner (male)","Mein Partner kommt aus Italien.","My partner comes from Italy.","Family"
"Partnerin","die","noun","partner (female)","Meine Partnerin spricht drei Sprachen.","My partner speaks three languages.","Family"
"Freund","der","noun","boyfriend / male friend","Mein Freund heißt Max.","My boyfriend's name is Max.","Family"
"Freundin","die","noun","girlfriend / female friend","Meine Freundin wohnt in Wien.","My girlfriend lives in Vienna.","Family"
"Arzt","der","noun","doctor (male)","Der Arzt untersucht den Patienten.","The doctor examines the patient.","Professions"
"Ärztin","die","noun","doctor (female)","Die Ärztin kommt um neun Uhr.","The doctor (female) comes at nine o'clock.","Professions"
"Lehrer","der","noun","teacher (male)","Der Lehrer erklärt die Aufgabe.","The teacher explains the exercise.","Professions"
"Lehrerin","die","noun","teacher (female)","Die Lehrerin spricht sehr langsam.","The teacher (female) speaks very slowly.","Professions"
"Schüler","der","noun","pupil (male)","Der Schüler macht seine Hausaufgaben.","The pupil does his homework.","Professions"
"Schülerin","die","noun","pupil (female)","Die Schülerin liest ein Buch.","The pupil (female) reads a book.","Professions"
"Student","der","noun","student (male)","Der Student lernt für die Prüfung.","The student studies for the exam.","Professions"
"Studentin","die","noun","student (female)","Die Studentin wohnt im Studentenwohnheim.","The student (female) lives in the student hall.","Professions"
"Chef","der","noun","boss (male)","Mein Chef ist sehr streng.","My boss is very strict.","Professions"
"Chefin","die","noun","boss (female)","Die Chefin hat heute eine Konferenz.","The boss (female) has a conference today.","Professions"
"Kollege","der","noun","colleague (male)","Mein Kollege hilft mir gern.","My colleague likes to help me.","Professions"
"Kollegin","die","noun","colleague (female)","Meine Kollegin kommt aus Spanien.","My colleague (female) comes from Spain.","Professions"
"Verkäufer","der","noun","sales assistant (male)","Der Verkäufer ist sehr freundlich.","The sales assistant is very friendly.","Professions"
"Verkäuferin","die","noun","sales assistant (female)","Die Verkäuferin zeigt mir das Produkt.","The sales assistant (female) shows me the product.","Professions"
"Kellner","der","noun","waiter","Der Kellner bringt die Rechnung.","The waiter brings the bill.","Professions"
"Kellnerin","die","noun","waitress","Die Kellnerin kommt sofort.","The waitress comes immediately.","Professions"
"Polizist","der","noun","police officer (male)","Der Polizist hilft uns.","The police officer helps us.","Professions"
"Polizistin","die","noun","police officer (female)","Die Polizistin zeigt uns den Weg.","The police officer (female) shows us the way.","Professions"
"Mechaniker","der","noun","mechanic (male)","Der Mechaniker repariert das Auto.","The mechanic repairs the car.","Professions"
"Mechanikerin","die","noun","mechanic (female)","Die Mechanikerin prüft den Motor.","The mechanic (female) checks the engine.","Professions"
"Koch","der","noun","cook / chef (male)","Der Koch kocht sehr lecker.","The cook makes very tasty food.","Professions"
"Köchin","die","noun","cook / chef (female)","Die Köchin arbeitet im Restaurant.","The cook (female) works in the restaurant.","Professions"
"Sekretär","der","noun","secretary (male)","Der Sekretär schreibt einen Brief.","The secretary writes a letter.","Professions"
"Sekretärin","die","noun","secretary (female)","Die Sekretärin beantwortet die E-Mails.","The secretary (female) answers the emails.","Professions"
"Hausmann","der","noun","stay-at-home dad","Er ist Hausmann und kocht jeden Tag.","He is a stay-at-home dad and cooks every day.","Professions"
"Hausfrau","die","noun","housewife / stay-at-home mum","Sie ist Hausfrau und kümmert sich um die Kinder.","She is a housewife and looks after the children.","Professions"
"Rentner","der","noun","pensioner (male)","Der Rentner geht jeden Tag spazieren.","The pensioner goes for a walk every day.","Professions"
"Rentnerin","die","noun","pensioner (female)","Die Rentnerin liest gern Bücher.","The pensioner (female) likes to read books.","Professions"
"Arbeiter","der","noun","worker (male)","Der Arbeiter fängt um sieben Uhr an.","The worker starts at seven o'clock.","Professions"
"Arbeiterin","die","noun","worker (female)","Die Arbeiterin trägt einen Helm.","The worker (female) wears a helmet.","Professions"
"Journalist","der","noun","journalist (male)","Der Journalist schreibt für die Zeitung.","The journalist writes for the newspaper.","Professions"
"Journalistin","die","noun","journalist (female)","Die Journalistin interviewt den Politiker.","The journalist (female) interviews the politician.","Professions"
"Deutschland","","noun (proper)","Germany","Ich wohne in Deutschland.","I live in Germany.","Countries & Languages"
"Österreich","","noun (proper)","Austria","Wien ist die Hauptstadt von Österreich.","Vienna is the capital of Austria.","Countries & Languages"
"Schweiz","die","noun (proper)","Switzerland","Die Schweiz ist sehr schön.","Switzerland is very beautiful.","Countries & Languages"
"Europa","","noun (proper)","Europe","Deutschland liegt in Europa.","Germany is in Europe.","Countries & Languages"
"Deutsch","","noun","German (language)","Ich lerne Deutsch.","I am learning German.","Countries & Languages"
"Englisch","","noun","English (language)","Sie spricht sehr gut Englisch.","She speaks English very well.","Countries & Languages"
"Sprache","die","noun","language","Welche Sprache sprechen Sie?","Which language do you speak?","Countries & Languages"
"Ausland","das","noun","abroad / foreign country","Ich arbeite im Ausland.","I work abroad.","Countries & Languages"
"Ausländer","der","noun","foreigner (male)","Der Ausländer lernt schnell Deutsch.","The foreigner learns German quickly.","Countries & Languages"
"Ausländerin","die","noun","foreigner (female)","Die Ausländerin wohnt seit einem Jahr hier.","The foreigner (female) has been living here for a year.","Countries & Languages"
"null","","num","zero","Die Temperatur ist null Grad.","The temperature is zero degrees.","Numbers"
"eins","","num","one","Ich habe nur eins.","I only have one.","Numbers"
"zwei","","num","two","Ich kaufe zwei Äpfel.","I buy two apples.","Numbers"
"drei","","num","three","Wir haben drei Kinder.","We have three children.","Numbers"
"vier","","num","four","Das kostet vier Euro.","That costs four euros.","Numbers"
"fünf","","num","five","Der Zug kommt um fünf Uhr.","The train comes at five o'clock.","Numbers"
"sechs","","num","six","Wir haben sechs Stühle.","We have six chairs.","Numbers"
"sieben","","num","seven","Die Woche hat sieben Tage.","The week has seven days.","Numbers"
"acht","","num","eight","Ich schlafe acht Stunden.","I sleep eight hours.","Numbers"
"neun","","num","nine","Der Bus kommt um neun Uhr.","The bus comes at nine o'clock.","Numbers"
"zehn","","num","ten","Das Kind ist zehn Jahre alt.","The child is ten years old.","Numbers"
"zwanzig","","num","twenty","Sie ist zwanzig Jahre alt.","She is twenty years old.","Numbers"
"dreißig","","num","thirty","Er ist dreißig Jahre alt.","He is thirty years old.","Numbers"
"hundert","","num","one hundred","Das kostet hundert Euro.","That costs one hundred euros.","Numbers"
"tausend","","num","one thousand","Das Auto kostet zehntausend Euro.","The car costs ten thousand euros.","Numbers"
"erste","","adj","first","Das ist mein erster Tag.","That is my first day.","Numbers"
"zweite","","adj","second","Er wohnt im zweiten Stock.","He lives on the second floor.","Numbers"
"dritte","","adj","third","Sie ist Dritte geworden.","She came third.","Numbers"
"Uhr","die","noun","clock / o'clock","Es ist drei Uhr.","It is three o'clock.","Time & Dates"
"Stunde","die","noun","hour","Der Kurs dauert eine Stunde.","The course lasts one hour.","Time & Dates"
"Minute","die","noun","minute","Ich komme in fünf Minuten.","I'll be there in five minutes.","Time & Dates"
"Sekunde","die","noun","second","Warte eine Sekunde!","Wait a second!","Time & Dates"
"Tag","der","noun","day","Der Tag hat 24 Stunden.","A day has 24 hours.","Time & Dates"
"Woche","die","noun","week","Ich arbeite fünf Tage pro Woche.","I work five days a week.","Time & Dates"
"Monat","der","noun","month","Der Monat hat 30 Tage.","The month has 30 days.","Time & Dates"
"Jahr","das","noun","year","Das Jahr hat zwölf Monate.","The year has twelve months.","Time & Dates"
"heute","","adv","today","Heute ist Montag.","Today is Monday.","Time & Dates"
"morgen","","adv","tomorrow","Morgen gehe ich zum Arzt.","Tomorrow I am going to the doctor.","Time & Dates"
"gestern","","adv","yesterday","Gestern war ich im Kino.","Yesterday I was at the cinema.","Time & Dates"
"jetzt","","adv","now","Ich bin jetzt zu Hause.","I am at home now.","Time & Dates"
"bald","","adv","soon","Ich komme bald.","I'm coming soon.","Time & Dates"
"immer","","adv","always","Ich trinke immer Kaffee am Morgen.","I always drink coffee in the morning.","Time & Dates"
"oft","","adv","often","Ich gehe oft ins Kino.","I often go to the cinema.","Time & Dates"
"manchmal","","adv","sometimes","Manchmal esse ich Pizza.","Sometimes I eat pizza.","Time & Dates"
"nie","","adv","never","Ich trinke nie Alkohol.","I never drink alcohol.","Time & Dates"
"früh","","adv/adj","early / morning","Ich stehe früh auf.","I get up early.","Time & Dates"
"spät","","adv/adj","late","Es ist schon spät.","It is already late.","Time & Dates"
"Montag","","noun","Monday","Ich arbeite am Montag.","I work on Monday.","Time & Dates"
"Dienstag","","noun","Tuesday","Am Dienstag habe ich einen Termin.","On Tuesday I have an appointment.","Time & Dates"
"Mittwoch","","noun","Wednesday","Am Mittwoch haben wir frei.","On Wednesday we are off.","Time & Dates"
"Donnerstag","","noun","Thursday","Am Donnerstag gehe ich schwimmen.","On Thursday I go swimming.","Time & Dates"
"Freitag","","noun","Friday","Am Freitag gehen wir aus.","On Friday we go out.","Time & Dates"
"Samstag","","noun","Saturday","Am Samstag mache ich Einkäufe.","On Saturday I do my shopping.","Time & Dates"
"Sonntag","","noun","Sunday","Am Sonntag schlafe ich lang.","On Sunday I sleep in.","Time & Dates"
"Wochenende","das","noun","weekend","Am Wochenende fahre ich in die Berge.","At the weekend I go to the mountains.","Time & Dates"
"Januar","","noun","January","Im Januar ist es sehr kalt.","In January it is very cold.","Time & Dates"
"Februar","","noun","February","Im Februar ist Valentinstag.","In February there is Valentine's Day.","Time & Dates"
"März","","noun","March","Im März wird es wärmer.","In March it gets warmer.","Time & Dates"
"April","","noun","April","Im April regnet es oft.","In April it often rains.","Time & Dates"
"Mai","","noun","May","Im Mai blühen die Blumen.","In May the flowers bloom.","Time & Dates"
"Juni","","noun","June","Im Juni beginnt der Sommer.","In June summer begins.","Time & Dates"
"Juli","","noun","July","Im Juli fahren wir in Urlaub.","In July we go on holiday.","Time & Dates"
"August","","noun","August","Im August ist es sehr heiß.","In August it is very hot.","Time & Dates"
"September","","noun","September","Im September beginnt die Schule.","In September school begins.","Time & Dates"
"Oktober","","noun","October","Im Oktober feiern wir Oktoberfest.","In October we celebrate Oktoberfest.","Time & Dates"
"November","","noun","November","Im November ist es oft neblig.","In November it is often foggy.","Time & Dates"
"Dezember","","noun","December","Im Dezember feiern wir Weihnachten.","In December we celebrate Christmas.","Time & Dates"
"Termin","der","noun","appointment","Ich habe einen Termin beim Arzt.","I have a doctor's appointment.","Time & Dates"
"Datum","das","noun","date","Was ist heute für ein Datum?","What is today's date?","Time & Dates"
"Jahreszeit","die","noun","season","Meine Lieblingsjahreszeit ist der Sommer.","My favourite season is summer.","Time & Dates"
"Frühling","der","noun","spring","Im Frühling ist es sehr schön.","In spring it is very beautiful.","Time & Dates"
"Sommer","der","noun","summer","Im Sommer schwimme ich im See.","In summer I swim in the lake.","Time & Dates"
"Herbst","der","noun","autumn","Im Herbst fallen die Blätter.","In autumn the leaves fall.","Time & Dates"
"Winter","der","noun","winter","Im Winter schneit es manchmal.","In winter it sometimes snows.","Time & Dates"
"Geburtstag","der","noun","birthday","Wann hast du Geburtstag?","When is your birthday?","Time & Dates"
"Feiertag","der","noun","public holiday","Am Feiertag machen die Geschäfte zu.","On public holidays shops close.","Time & Dates"
"Ferien","die","noun (pl)","school holidays","Ab morgen haben wir Ferien.","From tomorrow we have school holidays.","Time & Dates"
"Urlaub","der","noun","holiday / vacation","Wir fahren nächste Woche in Urlaub.","We are going on holiday next week.","Time & Dates"
"Essen","das","noun","food / meal","Das Essen schmeckt sehr gut.","The food tastes very good.","Food & Drink"
"Trinken","das","noun","drink / drinking","Das Trinken ist wichtig.","Drinking is important.","Food & Drink"
"Frühstück","das","noun","breakfast","Ich esse Frühstück um acht Uhr.","I eat breakfast at eight o'clock.","Food & Drink"
"Mittagessen","das","noun","lunch","Wir essen Mittagessen um zwölf Uhr.","We eat lunch at twelve o'clock.","Food & Drink"
"Abendessen","das","noun","dinner / supper","Das Abendessen ist fertig.","Dinner is ready.","Food & Drink"
"Brot","das","noun","bread","Ich kaufe Brot beim Bäcker.","I buy bread at the bakery.","Food & Drink"
"Brötchen","das","noun","bread roll","Zum Frühstück esse ich ein Brötchen.","For breakfast I eat a bread roll.","Food & Drink"
"Butter","die","noun","butter","Ich streichle Butter auf das Brot.","I spread butter on the bread.","Food & Drink"
"Käse","der","noun","cheese","Ich mag Käse sehr gern.","I like cheese very much.","Food & Drink"
"Wurst","die","noun","sausage / cold meat","Ich esse Wurst zum Frühstück.","I eat sausage for breakfast.","Food & Drink"
"Fleisch","das","noun","meat","Ich esse gern Fleisch.","I like eating meat.","Food & Drink"
"Fisch","der","noun","fish","Freitags essen wir oft Fisch.","On Fridays we often eat fish.","Food & Drink"
"Gemüse","das","noun","vegetables","Ich esse jeden Tag Gemüse.","I eat vegetables every day.","Food & Drink"
"Salat","der","noun","salad / lettuce","Ich mache einen Salat.","I'm making a salad.","Food & Drink"
"Suppe","die","noun","soup","Die Suppe ist heiß.","The soup is hot.","Food & Drink"
"Reis","der","noun","rice","Ich koche Reis zum Abendessen.","I cook rice for dinner.","Food & Drink"
"Nudeln","die","noun (pl)","pasta / noodles","Ich esse gern Nudeln.","I like eating pasta.","Food & Drink"
"Kartoffel","die","noun","potato","Die Kartoffel ist ein Gemüse.","The potato is a vegetable.","Food & Drink"
"Kartoffeln","die","noun (pl)","potatoes","Wir essen Kartoffeln zum Mittag.","We eat potatoes for lunch.","Food & Drink"
"Obst","das","noun","fruit","Ich esse jeden Tag Obst.","I eat fruit every day.","Food & Drink"
"Apfel","der","noun","apple","Ein Apfel pro Tag ist gesund.","An apple a day is healthy.","Food & Drink"
"Äpfel","die","noun (pl)","apples","Ich kaufe drei Äpfel.","I buy three apples.","Food & Drink"
"Banane","die","noun","banana","Die Banane ist reif.","The banana is ripe.","Food & Drink"
"Orange","die","noun","orange","Ich trinke Orangensaft.","I drink orange juice.","Food & Drink"
"Tomate","die","noun","tomato","Die Tomate ist rot.","The tomato is red.","Food & Drink"
"Ei","das","noun","egg","Ich esse ein Ei zum Frühstück.","I eat an egg for breakfast.","Food & Drink"
"Eier","die","noun (pl)","eggs","Ich brauche drei Eier für den Kuchen.","I need three eggs for the cake.","Food & Drink"
"Milch","die","noun","milk","Ich trinke morgens Milch.","I drink milk in the morning.","Food & Drink"
"Joghurt","der/das","noun","yoghurt","Ich esse Joghurt zum Frühstück.","I eat yoghurt for breakfast.","Food & Drink"
"Sahne","die","noun","cream","Die Torte hat viel Sahne.","The cake has a lot of cream.","Food & Drink"
"Zucker","der","noun","sugar","Möchten Sie Zucker im Kaffee?","Would you like sugar in your coffee?","Food & Drink"
"Salz","das","noun","salt","Kann ich bitte das Salz haben?","Can I please have the salt?","Food & Drink"
"Öl","das","noun","oil","Ich brauche Öl für die Pfanne.","I need oil for the pan.","Food & Drink"
"Kaffee","der","noun","coffee","Ich trinke morgens Kaffee.","I drink coffee in the morning.","Food & Drink"
"Tee","der","noun","tea","Möchtest du Tee oder Kaffee?","Would you like tea or coffee?","Food & Drink"
"Wasser","das","noun","water","Ich trinke viel Wasser.","I drink a lot of water.","Food & Drink"
"Saft","der","noun","juice","Ich trinke einen Apfelsaft.","I drink an apple juice.","Food & Drink"
"Bier","das","noun","beer","Er trinkt ein Bier.","He drinks a beer.","Food & Drink"
"Wein","der","noun","wine","Wir trinken ein Glas Wein.","We drink a glass of wine.","Food & Drink"
"Kuchen","der","noun","cake","Ich backe einen Kuchen.","I'm baking a cake.","Food & Drink"
"Eis","das","noun","ice cream / ice","Ich esse gern Eis im Sommer.","I like eating ice cream in summer.","Food & Drink"
"Schokolade","die","noun","chocolate","Ich mag Schokolade sehr.","I like chocolate very much.","Food & Drink"
"Restaurant","das","noun","restaurant","Wir essen im Restaurant.","We eat in the restaurant.","Food & Drink"
"Speisekarte","die","noun","menu","Kann ich die Speisekarte haben?","Can I have the menu?","Food & Drink"
"Rechnung","die","noun","bill","Die Rechnung, bitte!","The bill, please!","Food & Drink"
"Portion","die","noun","portion","Eine Portion Pommes, bitte.","One portion of chips, please.","Food & Drink"
"vegetarisch","","adj","vegetarian","Ich esse vegetarisch.","I eat vegetarian food.","Food & Drink"
"kaufen","","verb","to buy","Ich kaufe Lebensmittel im Supermarkt.","I buy groceries at the supermarket.","Shopping"
"verkaufen","","verb","to sell","Er verkauft sein Auto.","He is selling his car.","Shopping"
"bezahlen","","verb","to pay","Ich möchte bitte bezahlen.","I would like to pay, please.","Shopping"
"kosten","","verb","to cost","Was kostet das?","How much does that cost?","Shopping"
"Preis","der","noun","price","Der Preis ist zu hoch.","The price is too high.","Shopping"
"billig","","adj","cheap","Das ist sehr billig.","That is very cheap.","Shopping"
"teuer","","adj","expensive","Das ist zu teuer.","That is too expensive.","Shopping"
"Geld","das","noun","money","Ich habe kein Geld.","I have no money.","Shopping"
"Euro","der","noun","euro","Das kostet zehn Euro.","That costs ten euros.","Shopping"
"Cent","der","noun","cent","Das kostet neunzig Cent.","That costs ninety cents.","Shopping"
"Kasse","die","noun","checkout / cash desk","Bitte bezahlen Sie an der Kasse.","Please pay at the checkout.","Shopping"
"Supermarkt","der","noun","supermarket","Ich gehe in den Supermarkt.","I am going to the supermarket.","Shopping"
"Geschäft","das","noun","shop / business","Das Geschäft macht um acht Uhr auf.","The shop opens at eight o'clock.","Shopping"
"Laden","der","noun","shop / store","Der Laden ist heute geschlossen.","The shop is closed today.","Shopping"
"Markt","der","noun","market","Ich kaufe Gemüse auf dem Markt.","I buy vegetables at the market.","Shopping"
"Bäcker","der","noun","baker (male) / bakery","Ich kaufe Brot beim Bäcker.","I buy bread at the bakery.","Shopping"
"Bäckerin","die","noun","baker (female)","Die Bäckerin macht frische Brötchen.","The baker (female) makes fresh rolls.","Shopping"
"Metzger","der","noun","butcher (male)","Ich kaufe Fleisch beim Metzger.","I buy meat at the butcher's.","Shopping"
"Metzgerin","die","noun","butcher (female)","Die Metzgerin empfiehlt das Steak.","The butcher (female) recommends the steak.","Shopping"
"Einkauf","der","noun","shopping / purchase","Ich mache meinen Einkauf.","I'm doing my shopping.","Shopping"
"Einkäufe","die","noun (pl)","shopping (items)","Ich trage die Einkäufe nach Hause.","I'm carrying the shopping home.","Shopping"
"Einkaufstasche","die","noun","shopping bag","Ich brauche eine Einkaufstasche.","I need a shopping bag.","Shopping"
"Quittung","die","noun","receipt","Kann ich eine Quittung haben?","Can I have a receipt?","Shopping"
"Sonderangebot","das","noun","special offer","Das ist heute im Sonderangebot.","That is on special offer today.","Shopping"
"Rabatt","der","noun","discount","Gibt es einen Rabatt?","Is there a discount?","Shopping"
"Größe","die","noun","size","Was ist Ihre Größe?","What is your size?","Shopping"
"Kleidung","die","noun","clothing","Ich kaufe neue Kleidung.","I am buying new clothes.","Shopping"
"Jacke","die","noun","jacket","Ich brauche eine warme Jacke.","I need a warm jacket.","Shopping"
"Hose","die","noun","trousers / pants","Die Hose ist zu lang.","The trousers are too long.","Shopping"
"Hemd","das","noun","shirt","Das Hemd ist weiß.","The shirt is white.","Shopping"
"Bluse","die","noun","blouse","Die Bluse ist sehr schön.","The blouse is very beautiful.","Shopping"
"Rock","der","noun","skirt","Der Rock ist zu kurz.","The skirt is too short.","Shopping"
"Kleid","das","noun","dress","Das Kleid ist sehr elegant.","The dress is very elegant.","Shopping"
"Schuhe","die","noun (pl)","shoes","Ich brauche neue Schuhe.","I need new shoes.","Shopping"
"Stiefel","die","noun (pl)","boots","Im Winter trage ich Stiefel.","In winter I wear boots.","Shopping"
"Mütze","die","noun","hat / beanie","Ich trage eine Mütze.","I'm wearing a hat.","Shopping"
"Wohnung","die","noun","flat / apartment","Ich suche eine Wohnung.","I'm looking for a flat.","Home & Living"
"Haus","das","noun","house","Wir wohnen in einem Haus.","We live in a house.","Home & Living"
"Häuser","die","noun (pl)","houses","Die Häuser sind sehr groß.","The houses are very big.","Home & Living"
"Zimmer","das","noun","room","Die Wohnung hat drei Zimmer.","The flat has three rooms.","Home & Living"
"Schlafzimmer","das","noun","bedroom","Das Schlafzimmer ist ruhig.","The bedroom is quiet.","Home & Living"
"Wohnzimmer","das","noun","living room","Wir sitzen im Wohnzimmer.","We are sitting in the living room.","Home & Living"
"Küche","die","noun","kitchen","Ich koche in der Küche.","I cook in the kitchen.","Home & Living"
"Badezimmer","das","noun","bathroom","Das Badezimmer ist klein.","The bathroom is small.","Home & Living"
"Toilette","die","noun","toilet","Wo ist die Toilette?","Where is the toilet?","Home & Living"
"Flur","der","noun","hallway / corridor","Die Jacke hängt im Flur.","The jacket hangs in the hallway.","Home & Living"
"Keller","der","noun","cellar / basement","Im Keller stehen alte Möbel.","Old furniture is in the cellar.","Home & Living"
"Garten","der","noun","garden","Ich sitze im Garten.","I'm sitting in the garden.","Home & Living"
"Balkon","der","noun","balcony","Wir frühstücken auf dem Balkon.","We have breakfast on the balcony.","Home & Living"
"Tür","die","noun","door","Bitte machen Sie die Tür zu.","Please close the door.","Home & Living"
"Fenster","das","noun","window","Öffne bitte das Fenster.","Please open the window.","Home & Living"
"Wand","die","noun","wall","Das Bild hängt an der Wand.","The picture hangs on the wall.","Home & Living"
"Boden","der","noun","floor / ground","Der Boden ist sauber.","The floor is clean.","Home & Living"
"Decke","die","noun","ceiling / blanket","Die Decke ist weiß.","The ceiling is white.","Home & Living"
"Treppe","die","noun","stairs","Gehen Sie die Treppe hoch.","Go up the stairs.","Home & Living"
"Aufzug","der","noun","lift / elevator","Der Aufzug ist kaputt.","The lift is broken.","Home & Living"
"Möbel","die","noun (pl)","furniture","Wir kaufen neue Möbel.","We are buying new furniture.","Home & Living"
"Tisch","der","noun","table","Das Essen steht auf dem Tisch.","The food is on the table.","Home & Living"
"Stuhl","der","noun","chair","Setzen Sie sich auf den Stuhl.","Sit down on the chair.","Home & Living"
"Stühle","die","noun (pl)","chairs","Wir haben sechs Stühle.","We have six chairs.","Home & Living"
"Sofa","das","noun","sofa","Ich sitze auf dem Sofa.","I'm sitting on the sofa.","Home & Living"
"Bett","das","noun","bed","Ich gehe jetzt ins Bett.","I'm going to bed now.","Home & Living"
"Schrank","der","noun","cupboard / wardrobe","Die Kleidung hängt im Schrank.","The clothes are hanging in the wardrobe.","Home & Living"
"Regal","das","noun","shelf","Bücher stehen im Regal.","Books are on the shelf.","Home & Living"
"Lampe","die","noun","lamp / light","Die Lampe ist kaputt.","The lamp is broken.","Home & Living"
"Kühlschrank","der","noun","fridge","Das Essen ist im Kühlschrank.","The food is in the fridge.","Home & Living"
"Herd","der","noun","cooker / stove","Ich koche auf dem Herd.","I cook on the stove.","Home & Living"
"Waschmaschine","die","noun","washing machine","Ich mache eine Wäsche.","I'm doing the laundry.","Home & Living"
"Miete","die","noun","rent","Die Miete ist sehr hoch.","The rent is very high.","Home & Living"
"Nebenkosten","die","noun (pl)","utility costs / additional charges","Die Nebenkosten kommen dazu.","The utility costs are extra.","Home & Living"
"Stock","der","noun","floor / storey","Ich wohne im dritten Stock.","I live on the third floor.","Home & Living"
"Nachbar","der","noun","neighbour (male)","Mein Nachbar ist sehr nett.","My neighbour is very nice.","Home & Living"
"Nachbarin","die","noun","neighbour (female)","Meine Nachbarin hat mir geholfen.","My neighbour (female) helped me.","Home & Living"
"Vermieter","der","noun","landlord","Der Vermieter repariert das Fenster.","The landlord repairs the window.","Home & Living"
"Vermieterin","die","noun","landlady","Die Vermieterin ist sehr freundlich.","The landlady is very friendly.","Home & Living"
"Auto","das","noun","car","Ich fahre mit dem Auto zur Arbeit.","I drive to work by car.","Transport & Travel"
"Bus","der","noun","bus","Ich fahre mit dem Bus.","I travel by bus.","Transport & Travel"
"Zug","der","noun","train","Der Zug fährt um acht Uhr ab.","The train departs at eight o'clock.","Transport & Travel"
"U-Bahn","die","noun","underground / subway","Ich fahre mit der U-Bahn.","I travel by underground.","Transport & Travel"
"S-Bahn","die","noun","suburban railway","Die S-Bahn kommt in fünf Minuten.","The S-Bahn comes in five minutes.","Transport & Travel"
"Straßenbahn","die","noun","tram","Ich nehme die Straßenbahn.","I take the tram.","Transport & Travel"
"Taxi","das","noun","taxi","Ich rufe ein Taxi.","I call a taxi.","Transport & Travel"
"Fahrrad","das","noun","bicycle","Ich fahre mit dem Fahrrad zur Schule.","I cycle to school.","Transport & Travel"
"Flugzeug","das","noun","aeroplane","Ich fliege mit dem Flugzeug.","I travel by plane.","Transport & Travel"
"Schiff","das","noun","ship","Wir fahren mit dem Schiff.","We travel by ship.","Transport & Travel"
"Bahnhof","der","noun","train station","Wo ist der Bahnhof?","Where is the train station?","Transport & Travel"
"Flughafen","der","noun","airport","Wir fahren zum Flughafen.","We're going to the airport.","Transport & Travel"
"Haltestelle","die","noun","stop (bus/tram)","Die Haltestelle ist um die Ecke.","The stop is around the corner.","Transport & Travel"
"Fahrkarte","die","noun","ticket","Ich kaufe eine Fahrkarte.","I buy a ticket.","Transport & Travel"
"Fahrkarten","die","noun (pl)","tickets","Die Fahrkarten sind teuer.","The tickets are expensive.","Transport & Travel"
"Ticket","das","noun","ticket","Haben Sie ein Ticket?","Do you have a ticket?","Transport & Travel"
"Abfahrt","die","noun","departure","Die Abfahrt ist um zehn Uhr.","The departure is at ten o'clock.","Transport & Travel"
"Ankunft","die","noun","arrival","Die Ankunft ist um zwölf Uhr.","The arrival is at twelve o'clock.","Transport & Travel"
"fahren","","verb","to drive / travel","Ich fahre morgen nach Berlin.","I'm travelling to Berlin tomorrow.","Transport & Travel"
"abfahren","","verb","to depart / leave","Der Zug fährt gleich ab.","The train is departing shortly.","Transport & Travel"
"ankommen","","verb","to arrive","Wann kommen wir an?","When do we arrive?","Transport & Travel"
"fliegen","","verb","to fly","Ich fliege nach Paris.","I'm flying to Paris.","Transport & Travel"
"umsteigen","","verb","to change (trains/buses)","Sie müssen in Köln umsteigen.","You need to change at Cologne.","Transport & Travel"
"Straße","die","noun","street / road","Die Straße ist sehr breit.","The street is very wide.","Transport & Travel"
"Weg","der","noun","way / path","Wie ist der Weg zum Bahnhof?","What is the way to the train station?","Transport & Travel"
"Richtung","die","noun","direction","In welche Richtung gehen wir?","In which direction are we going?","Transport & Travel"
"links","","adv","left","Biegen Sie links ab.","Turn left.","Transport & Travel"
"rechts","","adv","right","Das Geschäft ist rechts.","The shop is on the right.","Transport & Travel"
"geradeaus","","adv","straight ahead","Gehen Sie geradeaus.","Go straight ahead.","Transport & Travel"
"weit","","adj/adv","far","Ist das weit von hier?","Is that far from here?","Transport & Travel"
"nah","","adj/adv","near / close","Das Hotel ist nah am Bahnhof.","The hotel is near the train station.","Transport & Travel"
"Entfernung","die","noun","distance","Was ist die Entfernung?","What is the distance?","Transport & Travel"
"Kilometer","der","noun","kilometre","Der Ort ist zehn Kilometer entfernt.","The place is ten kilometres away.","Transport & Travel"
"Parkplatz","der","noun","car park / parking space","Ich suche einen Parkplatz.","I'm looking for a parking space.","Transport & Travel"
"Benzin","das","noun","petrol / fuel","Ich tanke Benzin.","I'm filling up with petrol.","Transport & Travel"
"Tankstelle","die","noun","petrol station","Die Tankstelle ist um die Ecke.","The petrol station is around the corner.","Transport & Travel"
"Gepäck","das","noun","luggage / baggage","Mein Gepäck ist schwer.","My luggage is heavy.","Transport & Travel"
"Koffer","der","noun","suitcase","Ich packe meinen Koffer.","I'm packing my suitcase.","Transport & Travel"
"Reise","die","noun","journey / trip / travel","Die Reise dauert drei Stunden.","The journey takes three hours.","Transport & Travel"
"Hotel","das","noun","hotel","Wir übernachten im Hotel.","We are staying overnight in the hotel.","Transport & Travel"
"Zimmer reservieren","","phrase","to reserve a room","Ich möchte ein Zimmer reservieren.","I would like to reserve a room.","Transport & Travel"
"Gesundheit","die","noun","health","Gesundheit ist sehr wichtig.","Health is very important.","Health"
"krank","","adj","ill / sick","Ich bin krank und gehe zum Arzt.","I am ill and going to the doctor.","Health"
"gesund","","adj","healthy","Ich fühle mich gesund.","I feel healthy.","Health"
"Schmerz","der","noun","pain","Ich habe Schmerzen.","I am in pain.","Health"
"Schmerzen","die","noun (pl)","pains","Die Schmerzen sind sehr stark.","The pains are very strong.","Health"
"Kopfschmerzen","die","noun (pl)","headache","Ich habe Kopfschmerzen.","I have a headache.","Health"
"Bauchschmerzen","die","noun (pl)","stomach ache","Das Kind hat Bauchschmerzen.","The child has a stomach ache.","Health"
"Fieber","das","noun","fever / temperature","Ich habe Fieber.","I have a fever.","Health"
"Erkältung","die","noun","cold (illness)","Ich habe eine Erkältung.","I have a cold.","Health"
"Husten","der","noun","cough","Ich habe starken Husten.","I have a bad cough.","Health"
"Arztpraxis","die","noun","doctor's surgery","Ich gehe zur Arztpraxis.","I'm going to the doctor's surgery.","Health"
"Krankenhaus","das","noun","hospital","Er liegt im Krankenhaus.","He is in hospital.","Health"
"Apotheke","die","noun","pharmacy / chemist","Ich hole Medikamente aus der Apotheke.","I pick up medicine from the pharmacy.","Health"
"Medikament","das","noun","medicine / medication","Der Arzt verschreibt ein Medikament.","The doctor prescribes a medicine.","Health"
"Medikamente","die","noun (pl)","medicines","Ich nehme meine Medikamente.","I take my medicines.","Health"
"Tablette","die","noun","tablet / pill","Nehmen Sie drei Tabletten pro Tag.","Take three tablets per day.","Health"
"Tabletten","die","noun (pl)","tablets / pills","Die Tabletten helfen gut.","The tablets work well.","Health"
"Krankenkasse","die","noun","health insurance","Ich habe eine Krankenkasse.","I have health insurance.","Health"
"Krankenversicherung","die","noun","health insurance","Haben Sie eine Krankenversicherung?","Do you have health insurance?","Health"
"Allergie","die","noun","allergy","Ich habe eine Allergie gegen Nüsse.","I have an allergy to nuts.","Health"
"Unfall","der","noun","accident","Es gab einen Unfall.","There was an accident.","Health"
"Notaufnahme","die","noun","A&E / emergency room","Fahren Sie zur Notaufnahme.","Go to A&E.","Health"
"Notruf","der","noun","emergency call","Der Notruf ist 112.","The emergency number is 112.","Health"
"Schule","die","noun","school","Die Kinder gehen zur Schule.","The children go to school.","Education"
"Universität","die","noun","university","Ich studiere an der Universität.","I study at the university.","Education"
"Hochschule","die","noun","university / college","Er geht an die Hochschule.","He goes to university.","Education"
"Sprachschule","die","noun","language school","Ich lerne an einer Sprachschule.","I'm learning at a language school.","Education"
"Kurs","der","noun","course","Ich mache einen Deutschkurs.","I am doing a German course.","Education"
"Unterricht","der","noun","lesson / class","Der Unterricht beginnt um acht Uhr.","The lesson begins at eight o'clock.","Education"
"Hausaufgaben","die","noun (pl)","homework","Ich mache meine Hausaufgaben.","I'm doing my homework.","Education"
"Prüfung","die","noun","exam / test","Morgen habe ich eine Prüfung.","Tomorrow I have an exam.","Education"
"Test","der","noun","test","Ich lerne für den Test.","I'm studying for the test.","Education"
"Note","die","noun","grade / mark","Ich habe eine gute Note.","I have a good grade.","Education"
"Übung","die","noun","exercise / practice","Diese Übung ist schwer.","This exercise is difficult.","Education"
"Aufgabe","die","noun","task / exercise","Die Aufgabe ist einfach.","The task is easy.","Education"
"Buch","das","noun","book","Ich lese ein interessantes Buch.","I am reading an interesting book.","Education"
"Bücher","die","noun (pl)","books","Ich habe viele Bücher.","I have many books.","Education"
"Wörterbuch","das","noun","dictionary","Ich schlage das Wort im Wörterbuch nach.","I look up the word in the dictionary.","Education"
"Heft","das","noun","notebook / exercise book","Schreib das ins Heft.","Write that in the notebook.","Education"
"Stift","der","noun","pen / pencil","Hast du einen Stift?","Do you have a pen?","Education"
"Bleistift","der","noun","pencil","Ich schreibe mit dem Bleistift.","I write with the pencil.","Education"
"Tafel","die","noun","blackboard / board","Der Lehrer schreibt an die Tafel.","The teacher writes on the board.","Education"
"lernen","","verb","to learn / study","Ich lerne jeden Tag Deutsch.","I learn German every day.","Education"
"studieren","","verb","to study (at university)","Er studiert Medizin.","He studies medicine.","Education"
"lesen","","verb","to read","Ich lese gern Bücher.","I like reading books.","Education"
"schreiben","","verb","to write","Bitte schreiben Sie Ihren Namen.","Please write your name.","Education"
"verstehen","","verb","to understand","Ich verstehe die Frage nicht.","I don't understand the question.","Education"
"erklären","","verb","to explain","Können Sie das erklären?","Can you explain that?","Education"
"wiederholen","","verb","to repeat / revise","Können Sie das bitte wiederholen?","Can you please repeat that?","Education"
"üben","","verb","to practise","Ich übe täglich Deutsch.","I practise German every day.","Education"
"Arbeit","die","noun","work / job","Ich suche Arbeit.","I am looking for work.","Work"
"arbeiten","","verb","to work","Ich arbeite in einem Büro.","I work in an office.","Work"
"Büro","das","noun","office","Das Büro ist im zweiten Stock.","The office is on the second floor.","Work"
"Firma","die","noun","company / firm","Ich arbeite für eine große Firma.","I work for a large company.","Work"
"Unternehmen","das","noun","company / business","Das Unternehmen hat 200 Mitarbeiter.","The company has 200 employees.","Work"
"Mitarbeiter","der","noun","employee (male)","Der Mitarbeiter ist fleißig.","The employee is hard-working.","Work"
"Mitarbeiterin","die","noun","employee (female)","Die Mitarbeiterin hat viel Erfahrung.","The employee (female) has a lot of experience.","Work"
"Stelle","die","noun","job / position","Ich bewerbe mich um eine Stelle.","I am applying for a position.","Work"
"Stellenanzeige","die","noun","job advertisement","Ich habe eine Stellenanzeige gelesen.","I read a job advertisement.","Work"
"Bewerbung","die","noun","application (job)","Ich schreibe eine Bewerbung.","I am writing a job application.","Work"
"Gehalt","das","noun","salary","Das Gehalt ist gut.","The salary is good.","Work"
"Urlaub","der","noun","annual leave","Ich nehme Urlaub.","I am taking annual leave.","Work"
"Arbeitszeit","die","noun","working hours","Meine Arbeitszeit ist von 9 bis 17 Uhr.","My working hours are from 9 to 5.","Work"
"Pause","die","noun","break","Ich mache eine Pause.","I'm taking a break.","Work"
"Besprechung","die","noun","meeting","Ich habe eine Besprechung.","I have a meeting.","Work"
"Telefon","das","noun","telephone","Haben Sie ein Telefon?","Do you have a telephone?","Work"
"Computer","der","noun","computer","Ich arbeite am Computer.","I work at the computer.","Work"
"E-Mail","die","noun","email","Ich schreibe eine E-Mail.","I'm writing an email.","Work"
"Brief","der","noun","letter","Ich schreibe einen Brief.","I am writing a letter.","Work"
"Briefe","die","noun (pl)","letters","Ich bekomme viele Briefe.","I receive many letters.","Work"
"Freizeit","die","noun","free time / leisure","In meiner Freizeit lese ich.","In my free time I read.","Leisure & Hobbies"
"Hobby","das","noun","hobby","Mein Hobby ist das Fotografieren.","My hobby is photography.","Leisure & Hobbies"
"Sport","der","noun","sport","Ich treibe gern Sport.","I like doing sport.","Leisure & Hobbies"
"spielen","","verb","to play","Die Kinder spielen im Park.","The children play in the park.","Leisure & Hobbies"
"schwimmen","","verb","to swim","Ich schwimme gern.","I like swimming.","Leisure & Hobbies"
"laufen","","verb","to run / walk","Ich laufe jeden Morgen.","I run every morning.","Leisure & Hobbies"
"Fußball","der","noun","football / soccer","Ich spiele Fußball.","I play football.","Leisure & Hobbies"
"Tennis","das","noun","tennis","Wir spielen Tennis.","We play tennis.","Leisure & Hobbies"
"Musik","die","noun","music","Ich höre gern Musik.","I like listening to music.","Leisure & Hobbies"
"Lied","das","noun","song","Das Lied ist sehr schön.","The song is very beautiful.","Leisure & Hobbies"
"Lieder","die","noun (pl)","songs","Ich höre viele Lieder.","I listen to many songs.","Leisure & Hobbies"
"tanzen","","verb","to dance","Ich tanze sehr gern.","I like dancing very much.","Leisure & Hobbies"
"singen","","verb","to sing","Das Kind singt ein Lied.","The child is singing a song.","Leisure & Hobbies"
"Film","der","noun","film / movie","Der Film ist sehr interessant.","The film is very interesting.","Leisure & Hobbies"
"Filme","die","noun (pl)","films / movies","Ich schaue gern Filme.","I like watching films.","Leisure & Hobbies"
"Kino","das","noun","cinema","Wir gehen ins Kino.","We are going to the cinema.","Leisure & Hobbies"
"Theater","das","noun","theatre","Wir gehen ins Theater.","We are going to the theatre.","Leisure & Hobbies"
"Museum","das","noun","museum","Das Museum ist interessant.","The museum is interesting.","Leisure & Hobbies"
"Konzert","das","noun","concert","Wir gehen zum Konzert.","We're going to the concert.","Leisure & Hobbies"
"Ausstellung","die","noun","exhibition","Die Ausstellung ist sehr schön.","The exhibition is very beautiful.","Leisure & Hobbies"
"Zeitung","die","noun","newspaper","Ich lese die Zeitung.","I read the newspaper.","Leisure & Hobbies"
"Zeitschrift","die","noun","magazine","Ich lese eine Zeitschrift.","I'm reading a magazine.","Leisure & Hobbies"
"fotografieren","","verb","to take photographs","Ich fotografiere gern.","I like taking photographs.","Leisure & Hobbies"
"reisen","","verb","to travel","Ich reise gern.","I like travelling.","Leisure & Hobbies"
"kochen","","verb","to cook","Ich koche gern.","I like cooking.","Leisure & Hobbies"
"backen","","verb","to bake","Ich backe jeden Sonntag.","I bake every Sunday.","Leisure & Hobbies"
"wandern","","verb","to hike","Wir wandern in den Bergen.","We hike in the mountains.","Leisure & Hobbies"
"Party","die","noun","party","Wir machen eine Party.","We are having a party.","Leisure & Hobbies"
"Fest","das","noun","festival / celebration","Wir feiern ein Fest.","We are celebrating a festival.","Leisure & Hobbies"
"Wetter","das","noun","weather","Das Wetter ist heute schön.","The weather is nice today.","Weather"
"Temperatur","die","noun","temperature","Die Temperatur ist fünfzehn Grad.","The temperature is fifteen degrees.","Weather"
"Grad","der","noun","degree","Es sind zwanzig Grad.","It is twenty degrees.","Weather"
"Sonne","die","noun","sun","Die Sonne scheint heute.","The sun is shining today.","Weather"
"sonnig","","adj","sunny","Es ist sonnig und warm.","It is sunny and warm.","Weather"
"Regen","der","noun","rain","Der Regen ist kalt.","The rain is cold.","Weather"
"regnen","","verb","to rain","Es regnet heute.","It is raining today.","Weather"
"regnerisch","","adj","rainy","Das Wetter ist regnerisch.","The weather is rainy.","Weather"
"Schnee","der","noun","snow","Der Schnee ist weiß.","The snow is white.","Weather"
"schneien","","verb","to snow","Es schneit heute.","It is snowing today.","Weather"
"Wind","der","noun","wind","Der Wind ist stark.","The wind is strong.","Weather"
"windig","","adj","windy","Es ist heute sehr windig.","It is very windy today.","Weather"
"Wolke","die","noun","cloud","Die Wolke ist dunkel.","The cloud is dark.","Weather"
"Wolken","die","noun (pl)","clouds","Es gibt viele Wolken.","There are many clouds.","Weather"
"bewölkt","","adj","cloudy / overcast","Es ist bewölkt.","It is cloudy.","Weather"
"Nebel","der","noun","fog","Es gibt Nebel.","There is fog.","Weather"
"neblig","","adj","foggy","Das Wetter ist neblig.","The weather is foggy.","Weather"
"heiß","","adj","hot","Im Sommer ist es sehr heiß.","In summer it is very hot.","Weather"
"warm","","adj","warm","Es ist heute angenehm warm.","It is pleasantly warm today.","Weather"
"kalt","","adj","cold","Im Winter ist es kalt.","In winter it is cold.","Weather"
"kühl","","adj","cool","Der Abend ist kühl.","The evening is cool.","Weather"
"Ort","der","noun","place / town","Welcher Ort ist das?","What place is that?","Places in Town"
"Dorf","das","noun","village","Ich wohne in einem kleinen Dorf.","I live in a small village.","Places in Town"
"Zentrum","das","noun","centre / downtown","Das Zentrum ist belebt.","The centre is busy.","Places in Town"
"Innenstadt","die","noun","city centre","Ich gehe in die Innenstadt.","I'm going to the city centre.","Places in Town"
"Platz","der","noun","square / place / space","Ich wohne neben dem Platz.","I live next to the square.","Places in Town"
"Brücke","die","noun","bridge","Wir gehen über die Brücke.","We walk over the bridge.","Places in Town"
"Park","der","noun","park","Ich gehe im Park spazieren.","I go for a walk in the park.","Places in Town"
"Bank","die","noun","bank","Ich gehe zur Bank.","I'm going to the bank.","Places in Town"
"Post","die","noun","post office","Ich schicke ein Paket bei der Post.","I send a parcel at the post office.","Places in Town"
"Kirche","die","noun","church","Die Kirche ist alt und schön.","The church is old and beautiful.","Places in Town"
"Krankenhaus","das","noun","hospital","Das Krankenhaus ist in der Nähe.","The hospital is nearby.","Places in Town"
"Polizei","die","noun","police","Ich rufe die Polizei.","I'm calling the police.","Places in Town"
"Feuerwehr","die","noun","fire brigade","Die Feuerwehr ist gekommen.","The fire brigade has come.","Places in Town"
"Rathaus","das","noun","town hall","Das Rathaus ist im Zentrum.","The town hall is in the centre.","Places in Town"
"Bibliothek","die","noun","library","Ich leihe Bücher in der Bibliothek.","I borrow books from the library.","Places in Town"
"Schwimmbad","das","noun","swimming pool","Ich gehe ins Schwimmbad.","I'm going to the swimming pool.","Places in Town"
"Café","das","noun","café","Wir treffen uns im Café.","We meet in the café.","Places in Town"
"Bar","die","noun","bar","Wir gehen in die Bar.","We're going to the bar.","Places in Town"
"Disco","die","noun","nightclub / disco","Wir gehen in die Disco.","We're going to the nightclub.","Places in Town"
"Bäckerei","die","noun","bakery","Ich kaufe Brot in der Bäckerei.","I buy bread at the bakery.","Places in Town"
"Metzgerei","die","noun","butcher's shop","Ich kaufe Wurst in der Metzgerei.","I buy sausage at the butcher's.","Places in Town"
"sprechen","","verb","to speak / talk","Ich spreche ein bisschen Deutsch.","I speak a little German.","Communication"
"sagen","","verb","to say / tell","Was sagen Sie?","What do you say?","Communication"
"fragen","","verb","to ask","Darf ich fragen?","May I ask?","Communication"
"antworten","","verb","to answer / reply","Bitte antworten Sie.","Please answer.","Communication"
"hören","","verb","to hear / listen","Ich höre gut.","I hear well.","Communication"
"zuhören","","verb","to listen","Bitte hören Sie zu.","Please listen.","Communication"
"telefonieren","","verb","to telephone / make a call","Ich telefoniere mit meiner Mutter.","I'm talking on the phone with my mother.","Communication"
"anrufen","","verb","to call (by phone)","Ich rufe dich morgen an.","I'll call you tomorrow.","Communication"
"Gespräch","das","noun","conversation / talk","Wir haben ein Gespräch.","We are having a conversation.","Communication"
"Nachricht","die","noun","message / news","Ich habe eine Nachricht.","I have a message.","Communication"
"Nachrichten","die","noun (pl)","news / messages","Ich schaue die Nachrichten.","I watch the news.","Communication"
"Internet","das","noun","internet","Ich suche im Internet.","I'm searching on the internet.","Communication"
"Handy","das","noun","mobile phone","Mein Handy ist kaputt.","My mobile phone is broken.","Communication"
"Smartphone","das","noun","smartphone","Ich habe ein neues Smartphone.","I have a new smartphone.","Communication"
"SMS","die","noun","text message","Ich schicke eine SMS.","I'm sending a text message.","Communication"
"groß","","adj","big / tall","Das Haus ist sehr groß.","The house is very big.","Descriptions"
"klein","","adj","small / short","Das Kind ist noch klein.","The child is still small.","Descriptions"
"lang","","adj","long / tall","Das Kleid ist sehr lang.","The dress is very long.","Descriptions"
"kurz","","adj","short","Ich habe kurze Haare.","I have short hair.","Descriptions"
"alt","","adj","old","Das Haus ist sehr alt.","The house is very old.","Descriptions"
"neu","","adj","new","Ich habe ein neues Auto.","I have a new car.","Descriptions"
"jung","","adj","young","Das Kind ist noch jung.","The child is still young.","Descriptions"
"schön","","adj","beautiful / nice","Das Wetter ist schön.","The weather is beautiful.","Descriptions"
"hässlich","","adj","ugly","Das Gebäude ist hässlich.","The building is ugly.","Descriptions"
"gut","","adj/adv","good / well","Das Essen ist sehr gut.","The food is very good.","Descriptions"
"schlecht","","adj/adv","bad / badly","Das Wetter ist schlecht.","The weather is bad.","Descriptions"
"richtig","","adj/adv","correct / right","Das ist richtig.","That is correct.","Descriptions"
"falsch","","adj/adv","wrong / incorrect","Das ist falsch.","That is wrong.","Descriptions"
"einfach","","adj","easy / simple","Die Aufgabe ist einfach.","The task is easy.","Descriptions"
"schwer","","adj","heavy / difficult","Die Prüfung ist sehr schwer.","The exam is very difficult.","Descriptions"
"schnell","","adj/adv","fast / quick","Der Zug fährt sehr schnell.","The train travels very fast.","Descriptions"
"langsam","","adj/adv","slow","Bitte sprechen Sie langsam.","Please speak slowly.","Descriptions"
"laut","","adj/adv","loud","Die Musik ist zu laut.","The music is too loud.","Descriptions"
"leise","","adj/adv","quiet / soft","Bitte sprechen Sie leiser.","Please speak more quietly.","Descriptions"
"teuer","","adj","expensive","Das Restaurant ist sehr teuer.","The restaurant is very expensive.","Descriptions"
"billig","","adj","cheap / inexpensive","Das Kleid ist billig.","The dress is cheap.","Descriptions"
"voll","","adj","full","Der Zug ist voll.","The train is full.","Descriptions"
"leer","","adj","empty","Das Glas ist leer.","The glass is empty.","Descriptions"
"sauber","","adj","clean","Das Zimmer ist sauber.","The room is clean.","Descriptions"
"schmutzig","","adj","dirty","Die Schuhe sind schmutzig.","The shoes are dirty.","Descriptions"
"hell","","adj","bright / light","Das Zimmer ist hell.","The room is bright.","Descriptions"
"dunkel","","adj","dark","Es ist dunkel draußen.","It is dark outside.","Descriptions"
"freundlich","","adj","friendly","Die Leute sind sehr freundlich.","The people are very friendly.","Descriptions"
"nett","","adj","nice / kind","Er ist sehr nett.","He is very nice.","Descriptions"
"interessant","","adj","interesting","Das Buch ist sehr interessant.","The book is very interesting.","Descriptions"
"langweilig","","adj","boring","Der Film ist langweilig.","The film is boring.","Descriptions"
"wichtig","","adj","important","Das ist sehr wichtig.","That is very important.","Descriptions"
"kaputt","","adj","broken","Das Fahrrad ist kaputt.","The bicycle is broken.","Descriptions"
"müde","","adj","tired","Ich bin sehr müde.","I am very tired.","Descriptions"
"hungrig","","adj","hungry","Ich bin hungrig.","I am hungry.","Descriptions"
"durstig","","adj","thirsty","Ich bin sehr durstig.","I am very thirsty.","Descriptions"
"glücklich","","adj","happy","Ich bin sehr glücklich.","I am very happy.","Descriptions"
"traurig","","adj","sad","Der Film ist traurig.","The film is sad.","Descriptions"
"rot","","adj","red","Das Auto ist rot.","The car is red.","Colours"
"blau","","adj","blue","Der Himmel ist blau.","The sky is blue.","Colours"
"grün","","adj","green","Das Gras ist grün.","The grass is green.","Colours"
"gelb","","adj","yellow","Die Banane ist gelb.","The banana is yellow.","Colours"
"schwarz","","adj","black","Die Katze ist schwarz.","The cat is black.","Colours"
"weiß","","adj","white","Das Hemd ist weiß.","The shirt is white.","Colours"
"grau","","adj","grey","Die Wolken sind grau.","The clouds are grey.","Colours"
"braun","","adj","brown","Die Tür ist braun.","The door is brown.","Colours"
"orange","","adj","orange","Die Orange ist orange.","The orange is orange.","Colours"
"rosa","","adj","pink","Das Kleid ist rosa.","The dress is pink.","Colours"
"lila","","adj","purple / violet","Die Blume ist lila.","The flower is purple.","Colours"
"sein","","verb","to be","Ich bin Lehrerin.","I am a teacher.","Core Verbs"
"haben","","verb","to have","Ich habe ein Auto.","I have a car.","Core Verbs"
"werden","","verb","to become / will (future)","Ich werde Arzt.","I will become a doctor.","Core Verbs"
"können","","verb (modal)","can / to be able to","Ich kann gut Deutsch.","I can speak German well.","Core Verbs"
"müssen","","verb (modal)","must / to have to","Ich muss jetzt gehen.","I have to go now.","Core Verbs"
"wollen","","verb (modal)","to want to","Ich will Kaffee trinken.","I want to drink coffee.","Core Verbs"
"sollen","","verb (modal)","should / to be supposed to","Du sollst um acht Uhr da sein.","You should be there at eight.","Core Verbs"
"dürfen","","verb (modal)","may / to be allowed to","Darf ich hier sitzen?","May I sit here?","Core Verbs"
"mögen","","verb (modal)","to like","Ich mag Schokolade.","I like chocolate.","Core Verbs"
"möchten","","verb (modal)","would like to","Ich möchte bitte einen Kaffee.","I would like a coffee please.","Core Verbs"
"gehen","","verb","to go / walk","Ich gehe zur Arbeit.","I'm going to work.","Core Verbs"
"kommen","","verb","to come","Ich komme aus Deutschland.","I come from Germany.","Core Verbs"
"machen","","verb","to make / do","Was machst du heute?","What are you doing today?","Core Verbs"
"nehmen","","verb","to take","Ich nehme den Bus.","I take the bus.","Core Verbs"
"geben","","verb","to give","Gib mir bitte das Buch.","Please give me the book.","Core Verbs"
"sehen","","verb","to see","Ich sehe das Haus.","I can see the house.","Core Verbs"
"wissen","","verb","to know (a fact)","Ich weiß die Antwort.","I know the answer.","Core Verbs"
"kennen","","verb","to know (a person/place)","Ich kenne Berlin gut.","I know Berlin well.","Core Verbs"
"denken","","verb","to think","Ich denke, er hat recht.","I think he is right.","Core Verbs"
"glauben","","verb","to believe / think","Ich glaube, das stimmt.","I believe that is correct.","Core Verbs"
"finden","","verb","to find","Ich finde das Buch.","I find the book.","Core Verbs"
"brauchen","","verb","to need","Ich brauche Hilfe.","I need help.","Core Verbs"
"heißen","","verb","to be called","Wie heißen Sie?","What is your name?","Core Verbs"
"wohnen","","verb","to live / reside","Ich wohne in Berlin.","I live in Berlin.","Core Verbs"
"suchen","","verb","to look for / search","Ich suche meine Schlüssel.","I'm looking for my keys.","Core Verbs"
"zeigen","","verb","to show","Zeigen Sie mir bitte den Weg.","Please show me the way.","Core Verbs"
"helfen","","verb","to help","Können Sie mir helfen?","Can you help me?","Core Verbs"
"öffnen","","verb","to open","Bitte öffnen Sie das Fenster.","Please open the window.","Core Verbs"
"schließen","","verb","to close","Bitte schließen Sie die Tür.","Please close the door.","Core Verbs"
"warten","","verb","to wait","Ich warte auf den Bus.","I'm waiting for the bus.","Core Verbs"
"beginnen","","verb","to begin / start","Der Unterricht beginnt um acht.","The lesson begins at eight.","Core Verbs"
"aufhören","","verb","to stop / finish","Wann hört der Kurs auf?","When does the course finish?","Core Verbs"
"bringen","","verb","to bring","Können Sie mir bitte Wasser bringen?","Can you bring me water please?","Core Verbs"
"essen","","verb","to eat","Ich esse gern Pizza.","I like eating pizza.","Core Verbs"
"trinken","","verb","to drink","Ich trinke Wasser.","I drink water.","Core Verbs"
"schlafen","","verb","to sleep","Ich schlafe acht Stunden.","I sleep eight hours.","Core Verbs"
"aufstehen","","verb","to get up","Ich stehe um sieben Uhr auf.","I get up at seven o'clock.","Core Verbs"
"waschen","","verb","to wash","Ich wasche mich morgens.","I wash myself in the morning.","Core Verbs"
"sich anziehen","","verb","to get dressed","Ich ziehe mich an.","I get dressed.","Core Verbs"
"sich ausziehen","","verb","to get undressed","Das Kind zieht sich aus.","The child gets undressed.","Core Verbs"
"kaufen","","verb","to buy","Ich kaufe ein neues Buch.","I'm buying a new book.","Core Verbs"
"bezahlen","","verb","to pay","Ich bezahle mit Karte.","I pay by card.","Core Verbs"
"reservieren","","verb","to reserve / book","Ich möchte einen Tisch reservieren.","I would like to reserve a table.","Core Verbs"
"auch","","conj/adv","also / too","Ich komme auch.","I'm coming too.","Useful Expressions"
"aber","","conj","but","Ich mag Kaffee, aber nicht Tee.","I like coffee but not tea.","Useful Expressions"
"und","","conj","and","Ich kaufe Brot und Butter.","I'm buying bread and butter.","Useful Expressions"
"oder","","conj","or","Kaffee oder Tee?","Coffee or tea?","Useful Expressions"
"weil","","conj","because","Ich bleibe zu Hause, weil ich krank bin.","I'm staying at home because I'm ill.","Useful Expressions"
"dass","","conj","that","Ich glaube, dass das stimmt.","I believe that is correct.","Useful Expressions"
"wenn","","conj","when / if","Ich rufe an, wenn ich da bin.","I'll call when I'm there.","Useful Expressions"
"wie","","conj/adv","how / as / like","Wie heißen Sie?","What is your name? (How are you called?)","Useful Expressions"
"was","","pron","what","Was möchten Sie?","What would you like?","Useful Expressions"
"wer","","pron","who","Wer ist das?","Who is that?","Useful Expressions"
"wo","","adv","where","Wo wohnst du?","Where do you live?","Useful Expressions"
"woher","","adv","where from","Woher kommen Sie?","Where do you come from?","Useful Expressions"
"wohin","","adv","where to","Wohin gehen Sie?","Where are you going?","Useful Expressions"
"wann","","adv","when","Wann kommst du?","When are you coming?","Useful Expressions"
"warum","","adv","why","Warum lernst du Deutsch?","Why are you learning German?","Useful Expressions"
"wie viel","","adv","how much","Wie viel kostet das?","How much does that cost?","Useful Expressions"
"wie viele","","adv","how many","Wie viele Kinder haben Sie?","How many children do you have?","Useful Expressions"
"viel","","adj/adv","a lot / much","Ich habe viel Arbeit.","I have a lot of work.","Useful Expressions"
"wenig","","adj/adv","a little / few","Ich habe wenig Zeit.","I have little time.","Useful Expressions"
"sehr","","adv","very","Das ist sehr gut.","That is very good.","Useful Expressions"
"zu","","adv","too (excessive)","Das ist zu teuer.","That is too expensive.","Useful Expressions"
"noch","","adv","still / yet / another","Ich bin noch nicht fertig.","I'm not finished yet.","Useful Expressions"
"schon","","adv","already","Ich bin schon hier.","I'm already here.","Useful Expressions"
"nur","","adv","only / just","Ich habe nur zehn Euro.","I only have ten euros.","Useful Expressions"
"nicht","","adv","not","Ich verstehe das nicht.","I don't understand that.","Useful Expressions"
"kein","","art/adj","no / not a","Ich habe kein Auto.","I don't have a car.","Useful Expressions"
"alle","","pron/adj","all / everyone","Alle sind da.","Everyone is here.","Useful Expressions"
"alles","","pron","everything","Alles ist gut.","Everything is good.","Useful Expressions"
"nichts","","pron","nothing","Ich habe nichts gegessen.","I have eaten nothing.","Useful Expressions"
"jemand","","pron","someone","Jemand hat angerufen.","Someone called.","Useful Expressions"
"niemand","","pron","nobody","Niemand ist zu Hause.","Nobody is at home.","Useful Expressions"
"hier","","adv","here","Ich bin hier.","I am here.","Useful Expressions"
"dort","","adv","there","Er wohnt dort.","He lives there.","Useful Expressions"
"dorthin","","adv","to there","Ich gehe dorthin.","I'm going there.","Useful Expressions"
"dorther","","adv","from there","Ich komme dorther.","I come from there.","Useful Expressions"
"hin","","adv","towards (there)","Gehen wir hin!","Let's go there!","Useful Expressions"
"her","","adv","from (here)","Komm her!","Come here!","Useful Expressions"
"oben","","adv","above / upstairs","Die Wohnung ist oben.","The flat is upstairs.","Useful Expressions"
"unten","","adv","below / downstairs","Der Keller ist unten.","The cellar is downstairs.","Useful Expressions"
"also","","conj/adv","so / therefore","Wir haben viel Platz, also kannst du bleiben.","We have a lot of space, so you can stay.","Useful Expressions"
"dann","","adv","then","Zuerst esse ich, dann gehe ich.","First I eat, then I go.","Useful Expressions"
"zuerst","","adv","first / at first","Zuerst lernen wir die Wörter.","First we learn the words.","Useful Expressions"
"danach","","adv","afterwards / then","Danach gehen wir einkaufen.","Afterwards we go shopping.","Useful Expressions"
"zusammen","","adv","together","Wir essen zusammen.","We eat together.","Useful Expressions"
"allein","","adv/adj","alone","Er arbeitet gern allein.","He likes to work alone.","Useful Expressions"
"gern/gerne","","adv","gladly / to like doing","Ich trinke gern Kaffee.","I like drinking coffee.","Useful Expressions"
"leider","","adv","unfortunately","Ich kann leider nicht kommen.","Unfortunately I cannot come.","Useful Expressions"
"vielleicht","","adv","perhaps / maybe","Vielleicht komme ich morgen.","Perhaps I'll come tomorrow.","Useful Expressions"
"natürlich","","adv","naturally / of course","Natürlich helfe ich dir.","Of course I'll help you.","Useful Expressions"
"sicher","","adj/adv","sure / certain / safe","Ich bin sicher, dass das stimmt.","I'm sure that is correct.","Useful Expressions"
"gleich","","adv","right away / soon / straight","Ich komme gleich.","I'll be right there.","Useful Expressions"
"noch einmal","","phrase","once more / again","Können Sie das noch einmal sagen?","Can you say that again?","Useful Expressions"
"ein bisschen","","phrase","a little bit","Ich spreche ein bisschen Deutsch.","I speak a little German.","Useful Expressions"
"Ahnung","die","noun","idea / clue","Ich habe keine Ahnung!","I have no idea!","Useful Expressions"
"Vorsicht","die","noun/interj","caution / careful!","Vorsicht! Der Boden ist nass.","Careful! The floor is wet.","Useful Expressions"
"Schluss","der","noun","end / finish","Wir müssen jetzt Schluss machen.","We need to finish now.","Useful Expressions"
"halb","","adj/adv","half","Es ist halb drei.","It is half past two.","Useful Expressions"
"ganz","","adj/adv","whole / quite / completely","Das Haus ist ganz schön.","The house is quite nice.","Useful Expressions"
"genug","","adj/adv","enough","Ich habe genug gegessen.","I have eaten enough.","Useful Expressions"
"so","","adv","so / like that / this way","Machen Sie es so.","Do it like this.","Useful Expressions"
"Körper","der","noun","body","Sport ist gut für den Körper.","Sport is good for the body.","Body"
"Kopf","der","noun","head","Ich habe Kopfschmerzen.","I have a headache.","Body"
"Gesicht","das","noun","face","Sie hat ein schönes Gesicht.","She has a beautiful face.","Body"
"Auge","das","noun","eye","Das Auge ist blau.","The eye is blue.","Body"
"Augen","die","noun (pl)","eyes","Ihre Augen sind braun.","Her eyes are brown.","Body"
"Ohr","das","noun","ear","Das Ohr tut weh.","The ear hurts.","Body"
"Ohren","die","noun (pl)","ears","Die Ohren sind kalt.","The ears are cold.","Body"
"Nase","die","noun","nose","Meine Nase ist rot.","My nose is red.","Body"
"Mund","der","noun","mouth","Mach den Mund auf.","Open your mouth.","Body"
"Zahn","der","noun","tooth","Der Zahn tut weh.","The tooth hurts.","Body"
"Zähne","die","noun (pl)","teeth","Ich putze meine Zähne.","I brush my teeth.","Body"
"Hals","der","noun","neck / throat","Mein Hals tut weh.","My throat hurts.","Body"
"Schulter","die","noun","shoulder","Die Schulter ist verletzt.","The shoulder is injured.","Body"
"Arm","der","noun","arm","Ich habe meinen Arm gebrochen.","I broke my arm.","Body"
"Hand","die","noun","hand","Gib mir deine Hand.","Give me your hand.","Body"
"Finger","der","noun","finger","Ich habe mir den Finger verletzt.","I hurt my finger.","Body"
"Bein","das","noun","leg","Das Bein tut weh.","The leg hurts.","Body"
"Fuß","der","noun","foot","Mein Fuß ist müde.","My foot is tired.","Body"
"Füße","die","noun (pl)","feet","Meine Füße sind kalt.","My feet are cold.","Body"
"Bauch","der","noun","stomach / belly","Mein Bauch tut weh.","My stomach hurts.","Body"
"Rücken","der","noun","back","Mein Rücken schmerzt.","My back hurts.","Body"
"Herz","das","noun","heart","Das Herz schlägt schnell.","The heart beats quickly.","Body"
"Haare","die","noun (pl)","hair","Sie hat lange Haare.","She has long hair.","Body"
"in","","prep","in / into","Ich bin in der Küche.","I am in the kitchen.","Prepositions"
"an","","prep","at / on / to","Ich bin am Bahnhof.","I am at the train station.","Prepositions"
"auf","","prep","on / onto","Das Buch liegt auf dem Tisch.","The book is on the table.","Prepositions"
"mit","","prep","with","Ich fahre mit dem Bus.","I travel by bus.","Prepositions"
"ohne","","prep","without","Kaffee ohne Milch, bitte.","Coffee without milk, please.","Prepositions"
"für","","prep","for","Das ist für Sie.","That is for you.","Prepositions"
"von","","prep","from / of","Ich komme von der Arbeit.","I'm coming from work.","Prepositions"
"zu","","prep","to / at","Ich gehe zum Arzt.","I'm going to the doctor.","Prepositions"
"bei","","prep","at / near / with","Ich wohne bei meinen Eltern.","I live with my parents.","Prepositions"
"nach","","prep","to / after / according to","Ich fahre nach Berlin.","I'm travelling to Berlin.","Prepositions"
"aus","","prep","from / out of","Ich komme aus Deutschland.","I come from Germany.","Prepositions"
"über","","prep","over / above / about","Wir sprechen über das Wetter.","We're talking about the weather.","Prepositions"
"unter","","prep","under / below","Die Katze sitzt unter dem Tisch.","The cat is sitting under the table.","Prepositions"
"neben","","prep","next to","Das Café ist neben dem Bahnhof.","The café is next to the train station.","Prepositions"
"vor","","prep","in front of / before","Ich warte vor dem Eingang.","I'm waiting in front of the entrance.","Prepositions"
"hinter","","prep","behind","Der Garten ist hinter dem Haus.","The garden is behind the house.","Prepositions"
"zwischen","","prep","between","Die Bank ist zwischen der Post und dem Supermarkt.","The bank is between the post office and the supermarket.","Prepositions"
"durch","","prep","through","Wir gehen durch den Park.","We walk through the park.","Prepositions"
"gegen","","prep","against / around (time)","Ich komme gegen drei Uhr.","I'll come around three o'clock.","Prepositions"
"seit","","prep","since / for (time)","Ich lerne seit einem Jahr Deutsch.","I have been learning German for a year.","Prepositions"
"bis","","prep","until / up to","Das Geschäft ist bis 20 Uhr offen.","The shop is open until 8 pm.","Prepositions"
"ab","","prep","from (time/place)","Ab morgen lerne ich mehr.","From tomorrow I'll study more.","Prepositions"
"um","","prep","at (time) / around / for","Der Kurs beginnt um neun Uhr.","The course starts at nine o'clock.","Prepositions"
